Epoch,Time_Hours,Ground_Truth_REM,YASA_Pred_REM_Original,YASA_Pred_REM_Optimized,REM_Probability,Above_Optimal_Threshold
0,0.0,0,0,0,0.002055800070989544,0
1,0.008333333333333333,0,0,0,0.002736541206642124,0
2,0.016666666666666666,0,0,0,0.0003054660239866645,0
3,0.025,0,0,0,0.0014589655989414503,0
4,0.03333333333333333,0,0,0,0.003967533950734805,0
5,0.041666666666666664,0,0,0,0.007372916152178328,0
6,0.05,0,0,0,0.004027565345487186,0
7,0.058333333333333334,0,0,0,0.002913765985369832,0
8,0.06666666666666667,0,0,0,0.0039475195931334,0
9,0.075,0,0,0,0.016515842140881438,0
10,0.08333333333333333,0,0,0,0.0396413189108982,0
11,0.09166666666666666,0,0,0,0.03752243824714932,0
12,0.1,0,0,0,0.007713462146620788,0
13,0.10833333333333334,0,0,0,0.003445073333102215,0
14,0.11666666666666667,0,0,0,0.00942298720360767,0
15,0.125,0,0,0,0.005365323887065859,0
16,0.13333333333333333,0,0,0,0.013883328288577681,0
17,0.14166666666666666,0,0,0,0.02892786296429952,0
18,0.15,0,0,0,0.039918084241376,0
19,0.15833333333333333,0,0,0,0.014158081452151229,0
20,0.16666666666666666,0,0,0,0.05754109424987414,0
21,0.175,0,0,0,0.03702381503712606,0
22,0.18333333333333332,0,0,0,0.03731906836870003,0
23,0.19166666666666668,0,0,0,0.0903939806661281,0
24,0.2,0,0,0,0.05422274179256778,0
25,0.20833333333333334,0,0,0,0.07188512653338784,0
26,0.21666666666666667,0,0,0,0.023502948032353147,0
27,0.225,0,0,0,0.016630305783122072,0
28,0.23333333333333334,0,0,0,0.031001959154375078,0
29,0.24166666666666667,0,0,0,0.03160758854024015,0
30,0.25,0,0,0,0.06959945914837296,0
31,0.25833333333333336,0,0,0,0.08507706624129349,0
32,0.26666666666666666,0,0,0,0.021026671994680085,0
33,0.275,0,0,0,0.030361846017865336,0
34,0.2833333333333333,0,0,0,0.018720369523655675,0
35,0.2916666666666667,0,0,0,0.020394879039259663,0
36,0.3,0,0,0,0.018547908770926616,0
37,0.30833333333333335,0,0,0,0.009669838738327167,0
38,0.31666666666666665,0,0,0,0.012156370771473432,0
39,0.325,0,0,0,0.005453038272010907,0
40,0.3333333333333333,0,0,0,0.008384135988007971,0
41,0.3416666666666667,0,0,0,0.0033016916559055376,0
42,0.35,0,0,0,0.0038583644028198152,0
43,0.35833333333333334,0,0,0,0.001489227133891547,0
44,0.36666666666666664,0,0,0,0.00586717503558016,0
45,0.375,0,0,0,0.0051175630356982485,0
46,0.38333333333333336,0,0,0,0.006377934043256407,0
47,0.39166666666666666,0,0,0,0.002702083289424266,0
48,0.4,0,0,0,0.00931393305318835,0
49,0.4083333333333333,0,0,0,0.009095792998209586,0
50,0.4166666666666667,0,0,0,0.004913531147219234,0
51,0.425,0,0,0,0.007928889621668461,0
52,0.43333333333333335,0,0,0,0.008588625298883419,0
53,0.44166666666666665,0,0,0,0.0035139129959355533,0
54,0.45,0,0,0,0.011300429023707249,0
55,0.4583333333333333,0,0,0,0.003221002024073921,0
56,0.4666666666666667,0,0,0,0.004647898223325051,0
57,0.475,0,0,0,0.004426407560762436,0
58,0.48333333333333334,0,0,0,0.005621162735835727,0
59,0.49166666666666664,0,0,0,0.004032441050395742,0
60,0.5,0,0,0,0.006092335461123409,0
61,0.5083333333333333,0,0,0,0.0035553787712771096,0
62,0.5166666666666667,0,0,0,0.00563763823470369,0
63,0.525,0,0,0,0.008185616199031654,0
64,0.5333333333333333,0,0,0,0.007207092589835607,0
65,0.5416666666666666,0,0,0,0.0017537373040501685,0
66,0.55,0,0,0,0.005299006728682349,0
67,0.5583333333333333,0,0,0,0.004245822338992867,0
68,0.5666666666666667,0,0,0,0.012238454959031218,0
69,0.575,0,0,0,0.005715724919558492,0
70,0.5833333333333334,0,0,0,0.003641251478256997,0
71,0.5916666666666667,0,0,0,0.013444981956440864,0
72,0.6,0,0,0,0.017872395595602143,0
73,0.6083333333333333,0,0,0,0.01321938795879792,0
74,0.6166666666666667,0,0,0,0.016742747077199648,0
75,0.625,0,0,0,0.017876858035237257,0
76,0.6333333333333333,0,0,0,0.009402590992974694,0
77,0.6416666666666667,0,0,0,0.004644111329256309,0
78,0.65,0,0,0,0.00400313191414167,0
79,0.6583333333333333,0,0,0,0.001780328850116216,0
80,0.6666666666666666,0,0,0,0.010451640852943795,0
81,0.675,0,0,0,0.0027804974526507114,0
82,0.6833333333333333,0,0,0,0.0027904740708400693,0
83,0.6916666666666667,0,0,0,0.0017235095264179416,0
84,0.7,0,0,0,0.00155124417416091,0
85,0.7083333333333334,0,0,0,0.004174226599507963,0
86,0.7166666666666667,0,0,0,0.0020022860391928007,0
87,0.725,0,0,0,0.006345686928489267,0
88,0.7333333333333333,0,0,0,0.004847487129973356,0
89,0.7416666666666667,0,0,0,0.008198796446225015,0
90,0.75,0,0,0,0.015995254901442647,0
91,0.7583333333333333,0,0,0,0.005025457637161036,0
92,0.7666666666666667,0,0,0,0.013662901507488145,0
93,0.775,0,0,0,0.017246450383176404,0
94,0.7833333333333333,0,0,0,0.006566467511390197,0
95,0.7916666666666666,0,0,0,0.015280216874148194,0
96,0.8,0,0,0,0.015113764471832896,0
97,0.8083333333333333,0,0,0,0.005164298452287079,0
98,0.8166666666666667,0,0,0,0.008634499003900446,0
99,0.825,0,0,0,0.0036924961849563323,0
100,0.8333333333333334,0,0,0,0.006752231396734645,0
101,0.8416666666666667,0,0,0,0.004882383580013891,0
102,0.85,0,0,0,0.004869361610428711,0
103,0.8583333333333333,0,0,0,0.004044369825219577,0
104,0.8666666666666667,0,0,0,0.0034038220609666973,0
105,0.875,0,0,0,0.005780006580192925,0
106,0.8833333333333333,0,0,0,0.0037518042397447406,0
107,0.8916666666666667,0,0,0,0.004140345163350918,0
108,0.9,0,0,0,0.0018062114559685074,0
109,0.9083333333333333,0,0,0,0.0015916339546072024,0
110,0.9166666666666666,0,0,0,0.005124212729016909,0
111,0.925,0,0,0,0.0013076366778785552,0
112,0.9333333333333333,0,0,0,0.002483448257635704,0
113,0.9416666666666667,0,0,0,0.001143687246520351,0
114,0.95,0,0,0,0.0008281270957609397,0
115,0.9583333333333334,0,0,0,0.0007545359611838282,0
116,0.9666666666666667,0,0,0,0.001354619056588473,0
117,0.975,0,0,0,0.0006160904887977664,0
118,0.9833333333333333,0,0,0,0.0006596386793483988,0
119,0.9916666666666667,0,0,0,0.0006821505878530888,0
120,1.0,0,0,0,0.002119673357078204,0
121,1.0083333333333333,0,0,0,0.0009360224440544324,0
122,1.0166666666666666,0,0,0,0.0008434750148638223,0
123,1.025,0,0,0,0.001905342757248982,0
124,1.0333333333333334,0,0,0,0.002171259792745633,0
125,1.0416666666666667,0,0,0,0.0013151448168631614,0
126,1.05,0,0,0,0.003071921314597362,0
127,1.0583333333333333,0,0,0,0.003008793229973995,0
128,1.0666666666666667,0,0,0,0.0038440236413558398,0
129,1.075,0,0,0,0.012305347665551138,0
130,1.0833333333333333,0,0,0,0.02662258768905412,0
131,1.0916666666666666,0,0,0,0.04100681857749457,0
132,1.1,0,0,0,0.05827877146514854,0
133,1.1083333333333334,0,0,1,0.1620533685211491,1
134,1.1166666666666667,0,0,1,0.22896725887737648,1
135,1.125,0,0,0,0.09077530711285196,0
136,1.1333333333333333,0,0,0,0.09518621234018122,0
137,1.1416666666666666,0,0,0,0.08903416032870845,0
138,1.15,0,0,1,0.11504762328814755,1
139,1.1583333333333334,0,0,1,0.12424271949508026,1
140,1.1666666666666667,0,0,1,0.17299433107171125,1
141,1.175,0,0,0,0.09390593020526294,0
142,1.1833333333333333,0,0,0,0.09851798018244087,0
143,1.1916666666666667,0,0,1,0.294837450063706,1
144,1.2,0,0,1,0.15145755173183859,1
145,1.2083333333333333,0,1,1,0.4853534868602219,1
146,1.2166666666666666,0,0,1,0.3107067739455079,1
147,1.225,0,0,1,0.18333547828167687,1
148,1.2333333333333334,0,0,1,0.3488928674898188,1
149,1.2416666666666667,0,1,1,0.424490615590061,1
150,1.25,0,1,1,0.4621529859572345,1
151,1.2583333333333333,0,0,1,0.2592399273416668,1
152,1.2666666666666666,0,0,1,0.18833180740622607,1
153,1.275,0,0,1,0.1319974459220952,1
154,1.2833333333333334,0,0,0,0.09877923894846402,0
155,1.2916666666666667,0,0,1,0.21038657517476142,1
156,1.3,0,0,0,0.08154414908688057,0
157,1.3083333333333333,0,0,1,0.1252992656586409,1
158,1.3166666666666667,0,0,1,0.11286409173780906,1
159,1.325,0,0,1,0.1594802692392624,1
160,1.3333333333333333,0,0,1,0.1809544888807185,1
161,1.3416666666666666,0,0,1,0.13747356181236955,1
162,1.35,0,0,0,0.09870478318054007,0
163,1.3583333333333334,0,0,0,0.10408740428072645,0
164,1.3666666666666667,0,0,1,0.12544477780263913,1
165,1.375,0,0,1,0.1475407358951279,1
166,1.3833333333333333,0,0,0,0.06682993657673579,0
167,1.3916666666666666,0,0,0,0.026386772803418015,0
168,1.4,0,0,0,0.032121609374131666,0
169,1.4083333333333334,0,0,0,0.053127831868493416,0
170,1.4166666666666667,0,0,0,0.06083011973862551,0
171,1.425,0,0,1,0.10868613636241552,1
172,1.4333333333333333,0,0,0,0.08159627012814828,0
173,1.4416666666666667,0,0,1,0.11995763443928406,1
174,1.45,0,0,0,0.034074099225281144,0
175,1.4583333333333333,0,0,0,0.04669880985917358,0
176,1.4666666666666666,0,0,0,0.03758241750485988,0
177,1.475,0,0,0,0.05250271080455432,0
178,1.4833333333333334,0,0,0,0.06232679806323988,0
179,1.4916666666666667,0,0,0,0.03907601402828886,0
180,1.5,0,0,0,0.016645538330512695,0
181,1.5083333333333333,0,0,0,0.022486956741361582,0
182,1.5166666666666666,0,0,0,0.046608913649760456,0
183,1.525,0,0,0,0.054238061149934784,0
184,1.5333333333333334,0,0,0,0.05062060084839412,0
185,1.5416666666666667,0,0,0,0.043561525412583804,0
186,1.55,0,0,0,0.028472257008190612,0
187,1.5583333333333333,0,0,0,0.06367725596423263,0
188,1.5666666666666667,0,0,0,0.0750674094507809,0
189,1.575,0,0,0,0.09657824065812358,0
190,1.5833333333333333,0,0,0,0.03975121112166086,0
191,1.5916666666666666,0,0,0,0.05216331109506735,0
192,1.6,0,0,0,0.030134637763223514,0
193,1.6083333333333334,0,0,0,0.030056483253284322,0
194,1.6166666666666667,0,0,0,0.064820577025573,0
195,1.625,0,0,0,0.05306828813262509,0
196,1.6333333333333333,0,0,0,0.04188505335190857,0
197,1.6416666666666666,0,0,0,0.04189588399982943,0
198,1.65,0,0,0,0.06331526222440174,0
199,1.6583333333333334,0,0,0,0.07149827789422505,0
200,1.6666666666666667,0,0,1,0.12938024216625774,1
201,1.675,0,0,0,0.07572405477426757,0
202,1.6833333333333333,0,0,1,0.13539122973375428,1
203,1.6916666666666667,0,0,1,0.12324502878909337,1
204,1.7,0,0,1,0.1352450951171911,1
205,1.7083333333333333,0,0,1,0.13373927539064534,1
206,1.7166666666666666,0,0,1,0.2749787570859566,1
207,1.725,0,0,0,0.0628256983891391,0
208,1.7333333333333334,0,0,0,0.07363997254171686,0
209,1.7416666666666667,0,0,1,0.11186763732359946,1
210,1.75,0,0,0,0.03595232464106557,0
211,1.7583333333333333,0,0,0,0.02267723150301688,0
212,1.7666666666666666,0,0,0,0.047389138700610706,0
213,1.775,0,0,0,0.05643058095195791,0
214,1.7833333333333334,0,0,0,0.02645535493764983,0
215,1.7916666666666667,0,0,0,0.06214346959432259,0
216,1.8,0,0,0,0.03130985270409762,0
217,1.8083333333333333,0,0,0,0.020466747309499003,0
218,1.8166666666666667,0,0,0,0.03268922250078694,0
219,1.825,0,0,0,0.018715311468449257,0
220,1.8333333333333333,0,0,0,0.013607467639343018,0
221,1.8416666666666666,0,0,0,0.011029895706711474,0
222,1.85,0,0,0,0.01568834367511707,0
223,1.8583333333333334,0,0,0,0.007816919722214486,0
224,1.8666666666666667,0,0,0,0.006168776461510034,0
225,1.875,0,0,0,0.008524223726485244,0
226,1.8833333333333333,0,0,0,0.013592476569274432,0
227,1.8916666666666666,0,0,0,0.017551601426024258,0
228,1.9,0,0,0,0.017132040459975774,0
229,1.9083333333333334,0,0,0,0.059813064478908086,0
230,1.9166666666666667,0,0,1,0.1139811216783229,1
231,1.925,0,0,0,0.038472657275066685,0
232,1.9333333333333333,0,0,0,0.05690381107396612,0
233,1.9416666666666667,0,0,0,0.03993202512876069,0
234,1.95,0,0,0,0.03399193896958786,0
235,1.9583333333333333,0,0,0,0.015477034391767858,0
236,1.9666666666666666,0,0,0,0.013110587471884642,0
237,1.975,0,0,0,0.018847874373672482,0
238,1.9833333333333334,0,0,0,0.0063907702757484575,0
239,1.9916666666666667,0,0,0,0.008731859217554662,0
240,2.0,0,0,0,0.006766130698607742,0
241,2.0083333333333333,0,0,0,0.023472809592161428,0
242,2.0166666666666666,0,0,0,0.014630051114821786,0
243,2.025,0,0,0,0.025180898134055385,0
244,2.033333333333333,0,0,0,0.033933312153202694,0
245,2.0416666666666665,0,0,0,0.02302015792211807,0
246,2.05,0,0,0,0.015870801351319526,0
247,2.058333333333333,0,0,0,0.03665227631864416,0
248,2.066666666666667,0,0,0,0.011560063266165526,0
249,2.075,0,0,0,0.013548452056680314,0
250,2.0833333333333335,0,0,0,0.006376864491803267,0
251,2.091666666666667,0,0,0,0.009593186744038636,0
252,2.1,0,0,0,0.016784597628277872,0
253,2.1083333333333334,0,0,0,0.0019228153774735737,0
254,2.1166666666666667,0,0,0,0.0028474521130998176,0
255,2.125,0,0,0,0.0036239079148566757,0
256,2.1333333333333333,0,0,0,0.0023815974315003815,0
257,2.1416666666666666,0,0,0,0.006868716076568276,0
258,2.15,0,0,0,0.0026609926699417068,0
259,2.158333333333333,0,0,0,0.004221549241476021,0
260,2.1666666666666665,0,0,0,0.0019014569322697117,0
261,2.175,0,0,0,0.003902147281568613,0
262,2.183333333333333,0,0,0,0.007029454249109676,0
263,2.191666666666667,0,0,0,0.008820790710873702,0
264,2.2,0,0,0,0.008323845857463897,0
265,2.2083333333333335,0,0,0,0.009875083363798543,0
266,2.216666666666667,0,0,0,0.013587583951725256,0
267,2.225,0,0,0,0.020388244746764934,0
268,2.2333333333333334,0,0,0,0.09422843228755985,0
269,2.2416666666666667,0,0,0,0.05642056059333617,0
270,2.25,0,0,0,0.09154486611904726,0
271,2.2583333333333333,0,0,0,0.08838321070495603,0
272,2.2666666666666666,0,0,0,0.02799960626670682,0
273,2.275,0,0,0,0.0652270969670716,0
274,2.283333333333333,0,0,1,0.2654881203231277,1
275,2.2916666666666665,0,0,1,0.23824037476057586,1
276,2.3,0,1,1,0.38752857352220466,1
277,2.308333333333333,0,1,1,0.49185984854329856,1
278,2.316666666666667,0,1,1,0.33077937359413556,1
279,2.325,0,0,1,0.33226386136627534,1
280,2.3333333333333335,0,1,1,0.4694834245643515,1
281,2.341666666666667,0,1,1,0.6448313380259434,1
282,2.35,0,1,1,0.42719681420310374,1
283,2.3583333333333334,0,1,1,0.6492473848254422,1
284,2.3666666666666667,0,1,1,0.5474719017168982,1
285,2.375,0,1,1,0.6635350021279117,1
286,2.3833333333333333,0,1,1,0.5677648380505212,1
287,2.3916666666666666,0,0,1,0.28418060444156445,1
288,2.4,0,0,1,0.21490784495791834,1
289,2.408333333333333,0,0,1,0.20429775218508636,1
290,2.4166666666666665,0,0,1,0.24730980170697217,1
291,2.425,0,0,1,0.23629325819942346,1
292,2.433333333333333,0,0,1,0.23840758504330328,1
293,2.441666666666667,0,0,1,0.2197542373768464,1
294,2.45,0,1,1,0.4255338762547371,1
295,2.4583333333333335,0,1,1,0.4342925620141715,1
296,2.466666666666667,0,0,1,0.2120827999517592,1
297,2.475,0,0,1,0.20126408749190486,1
298,2.4833333333333334,0,1,1,0.3484903723549213,1
299,2.4916666666666667,0,1,1,0.26907770009879783,1
300,2.5,0,1,1,0.2946967157420753,1
301,2.5083333333333333,0,0,1,0.15234003957757355,1
302,2.5166666666666666,0,0,1,0.12781357988408334,1
303,2.525,0,0,1,0.16234163129814563,1
304,2.533333333333333,0,0,0,0.0620685171097911,0
305,2.5416666666666665,0,0,0,0.09844189322472426,0
306,2.55,0,0,0,0.06382248671196301,0
307,2.558333333333333,0,0,0,0.024509476803102195,0
308,2.566666666666667,0,0,1,0.14846377993379925,1
309,2.575,0,0,1,0.184018898880152,1
310,2.5833333333333335,1,0,1,0.16078702458197136,1
311,2.591666666666667,1,0,1,0.18147586658258855,1
312,2.6,1,0,1,0.13217390486164898,1
313,2.6083333333333334,1,0,1,0.18702607873248284,1
314,2.6166666666666667,1,0,1,0.19670424905553444,1
315,2.625,1,1,1,0.2803322273455773,1
316,2.6333333333333333,1,0,1,0.18430750058739298,1
317,2.6416666666666666,1,0,1,0.13103385293498135,1
318,2.65,1,0,1,0.21019156462062744,1
319,2.658333333333333,1,0,1,0.16054163736841784,1
320,2.6666666666666665,1,0,1,0.2503222423580473,1
321,2.675,1,0,1,0.301763895043703,1
322,2.683333333333333,1,1,1,0.321362297305479,1
323,2.691666666666667,1,0,1,0.1165110996724214,1
324,2.7,0,0,0,0.08567049406567293,0
325,2.7083333333333335,0,0,1,0.17326226672359918,1
326,2.716666666666667,0,0,0,0.08245325566085619,0
327,2.725,0,0,0,0.044763263866838376,0
328,2.7333333333333334,0,0,0,0.050612437453147315,0
329,2.7416666666666667,0,0,1,0.2441956059821477,1
330,2.75,0,1,1,0.44060575789540085,1
331,2.7583333333333333,0,1,1,0.30176265712810857,1
332,2.7666666666666666,0,0,1,0.3156991902892154,1
333,2.775,0,0,1,0.36114660190268455,1
334,2.783333333333333,0,0,1,0.22815969753611318,1
335,2.7916666666666665,0,0,1,0.3321421589603915,1
336,2.8,1,1,1,0.39303468079654197,1
337,2.808333333333333,1,0,1,0.3128581597588333,1
338,2.816666666666667,1,0,1,0.2569474612280788,1
339,2.825,1,0,1,0.16371916320163593,1
340,2.8333333333333335,1,0,1,0.15558145877280186,1
341,2.841666666666667,1,0,1,0.12621646918697654,1
342,2.85,1,0,0,0.07625557659914174,0
343,2.8583333333333334,0,0,0,0.08945086895697263,0
344,2.8666666666666667,0,0,0,0.0925437704521833,0
345,2.875,0,0,0,0.025349148064157574,0
346,2.8833333333333333,0,0,1,0.11832686193012623,1
347,2.8916666666666666,0,0,0,0.08520888978284537,0
348,2.9,0,0,0,0.03395395029061847,0
349,2.908333333333333,0,0,0,0.016582008971521126,0
350,2.9166666666666665,0,0,0,0.020629350809095708,0
351,2.925,0,0,0,0.029165982332226677,0
352,2.933333333333333,0,0,0,0.004306724117026338,0
353,2.941666666666667,0,0,0,0.004488401861624551,0
354,2.95,0,0,0,0.008578740295427932,0
355,2.9583333333333335,0,0,0,0.0018994394251955736,0
356,2.966666666666667,0,0,0,0.0013942033911496278,0
357,2.975,0,0,0,0.007798371537216154,0
358,2.9833333333333334,0,0,0,0.007460184248588434,0
359,2.9916666666666667,0,0,0,0.021178473700896604,0
360,3.0,0,0,0,0.002752651999742647,0
361,3.0083333333333333,0,0,0,0.002190364570865592,0
362,3.0166666666666666,0,0,0,0.0011159138968199218,0
363,3.025,0,0,0,0.0020126707876053857,0
364,3.033333333333333,0,0,0,0.004998587112647095,0
365,3.0416666666666665,0,0,0,0.010606846828360834,0
366,3.05,0,0,0,0.020574883387506668,0
367,3.058333333333333,0,0,0,0.01260125652687443,0
368,3.066666666666667,0,0,0,0.00796842925130684,0
369,3.075,0,0,0,0.011352226043510074,0
370,3.0833333333333335,0,0,0,0.01815224771288496,0
371,3.091666666666667,0,0,0,0.011699683625340757,0
372,3.1,0,0,0,0.0038845135340104123,0
373,3.1083333333333334,0,0,0,0.007553701702443998,0
374,3.1166666666666667,0,0,0,0.02294079053501492,0
375,3.125,0,0,0,0.0053545949515458775,0
376,3.1333333333333333,0,0,0,0.013385394399471477,0
377,3.1416666666666666,0,0,0,0.011950684768925352,0
378,3.15,0,0,0,0.02017385066355252,0
379,3.158333333333333,0,0,0,0.02041504008861858,0
380,3.1666666666666665,0,0,0,0.08452385608631942,0
381,3.175,0,0,0,0.03488383680224979,0
382,3.183333333333333,0,0,0,0.016433755194918062,0
383,3.191666666666667,0,0,0,0.03420325698177483,0
384,3.2,0,0,0,0.04724749224892859,0
385,3.2083333333333335,0,0,0,0.046833030327761004,0
386,3.216666666666667,0,0,0,0.023537790568831374,0
387,3.225,0,0,0,0.01475742982477084,0
388,3.2333333333333334,0,0,0,0.029838358378615128,0
389,3.2416666666666667,0,0,0,0.01328748126775274,0
390,3.25,0,0,0,0.020644160833180224,0
391,3.2583333333333333,0,0,0,0.03814373200351651,0
392,3.2666666666666666,0,0,0,0.022092897138366988,0
393,3.275,0,0,0,0.01253918582018303,0
394,3.283333333333333,0,0,0,0.0220242848977104,0
395,3.2916666666666665,0,0,0,0.011701963718856873,0
396,3.3,0,0,0,0.015070390332687443,0
397,3.308333333333333,0,0,0,0.04380061678113255,0
398,3.316666666666667,0,0,0,0.043908847851334115,0
399,3.325,0,0,0,0.040367838366679724,0
400,3.3333333333333335,0,0,0,0.017697322506397026,0
401,3.341666666666667,0,0,0,0.03212526989176494,0
402,3.35,0,0,0,0.07732204334369575,0
403,3.3583333333333334,0,0,0,0.08553757368151493,0
404,3.3666666666666667,0,0,0,0.012966664822051385,0
405,3.375,0,0,0,0.007968856459945977,0
406,3.3833333333333333,0,0,0,0.01738382534374678,0
407,3.3916666666666666,0,0,0,0.0037656114361438184,0
408,3.4,0,0,0,0.02323746724119762,0
409,3.408333333333333,0,0,0,0.03602518778559659,0
410,3.4166666666666665,0,0,1,0.1178708724854874,1
411,3.425,0,0,0,0.053167983708619276,0
412,3.433333333333333,0,0,0,0.05378873009503507,0
413,3.441666666666667,0,0,0,0.01640058975204293,0
414,3.45,0,0,0,0.011719927076914055,0
415,3.4583333333333335,0,0,0,0.00668842162082616,0
416,3.466666666666667,0,0,0,0.02123043320623001,0
417,3.475,0,0,0,0.013103886892798738,0
418,3.4833333333333334,0,0,0,0.006460314129322558,0
419,3.4916666666666667,0,0,0,0.01043409435696013,0
420,3.5,0,0,0,0.007862347460645347,0
421,3.5083333333333333,0,0,0,0.018250278854916688,0
422,3.5166666666666666,0,0,0,0.013286876165187523,0
423,3.525,0,0,0,0.006689749461064304,0
424,3.533333333333333,0,0,0,0.007653085170689783,0
425,3.5416666666666665,0,0,0,0.012104827862517993,0
426,3.55,0,0,0,0.013610119975137162,0
427,3.558333333333333,0,0,0,0.010989088023531761,0
428,3.566666666666667,0,0,0,0.014146167967115587,0
429,3.575,0,0,0,0.019799401302519934,0
430,3.5833333333333335,0,0,0,0.024185558643663594,0
431,3.591666666666667,0,0,0,0.002663988505298768,0
432,3.6,0,0,0,0.008556715328601779,0
433,3.6083333333333334,0,0,0,0.005947958293594213,0
434,3.6166666666666667,0,0,0,0.003913632253025206,0
435,3.625,0,0,0,0.006450289393812073,0
436,3.6333333333333333,0,0,0,0.005991997550787296,0
437,3.6416666666666666,0,0,0,0.011707261886976017,0
438,3.65,0,0,0,0.007555722198645241,0
439,3.658333333333333,0,0,0,0.00796554751341646,0
440,3.6666666666666665,0,0,0,0.009575009175802814,0
441,3.675,0,0,0,0.0170996787713394,0
442,3.683333333333333,0,0,0,0.02464031297963713,0
443,3.691666666666667,0,0,0,0.04730227952897501,0
444,3.7,0,0,1,0.11707558595257689,1
445,3.7083333333333335,0,0,1,0.1286446385515988,1
446,3.716666666666667,0,0,1,0.17978301975564778,1
447,3.725,0,0,1,0.17335980931315778,1
448,3.7333333333333334,0,0,1,0.23484255748657962,1
449,3.7416666666666667,0,0,1,0.13100484739595764,1
450,3.75,0,0,0,0.0622694089155078,0
451,3.7583333333333333,0,0,0,0.033922387321828076,0
452,3.7666666666666666,0,0,0,0.04970788412338639,0
453,3.775,0,0,0,0.018161385828668532,0
454,3.783333333333333,0,0,0,0.05010044357463884,0
455,3.7916666666666665,0,0,0,0.039701210087575996,0
456,3.8,0,0,0,0.014214581209484463,0
457,3.808333333333333,0,0,0,0.010197676914275781,0
458,3.816666666666667,0,0,0,0.01823206933514374,0
459,3.825,0,0,0,0.012817606177239184,0
460,3.8333333333333335,0,0,0,0.09858234586434785,0
461,3.841666666666667,0,0,0,0.016487730552215002,0
462,3.85,0,0,0,0.010839639354920463,0
463,3.8583333333333334,0,0,0,0.04781535401175032,0
464,3.8666666666666667,0,0,0,0.020364559879909348,0
465,3.875,0,0,0,0.04513352065063435,0
466,3.8833333333333333,0,0,0,0.048789015188164274,0
467,3.8916666666666666,0,0,0,0.09245348146855721,0
468,3.9,0,0,0,0.01707160463129759,0
469,3.908333333333333,0,0,0,0.03337002506007288,0
470,3.9166666666666665,0,0,0,0.07569804098679733,0
471,3.925,0,0,0,0.04143776159290677,0
472,3.933333333333333,0,0,0,0.05790544561845957,0
473,3.941666666666667,0,0,0,0.0693423750412948,0
474,3.95,0,0,0,0.023785535445595713,0
475,3.9583333333333335,0,0,1,0.11363360126309272,1
476,3.966666666666667,0,0,1,0.21023364316782922,1
477,3.975,0,0,1,0.13129103695243402,1
478,3.9833333333333334,0,0,0,0.0480918520100331,0
479,3.9916666666666667,0,0,0,0.06432169977439012,0
480,4.0,0,0,0,0.027756262249967262,0
481,4.008333333333334,0,0,0,0.022895530904337526,0
482,4.016666666666667,0,0,0,0.02206883200797078,0
483,4.025,0,0,0,0.025060089378148027,0
484,4.033333333333333,0,0,0,0.04732574336300083,0
485,4.041666666666667,0,0,0,0.06285080094963659,0
486,4.05,0,0,1,0.12778344766160624,1
487,4.058333333333334,0,0,0,0.030079570924064762,0
488,4.066666666666666,0,0,0,0.025036531516911324,0
489,4.075,0,0,0,0.02620804784710721,0
490,4.083333333333333,0,0,0,0.03514624761337688,0
491,4.091666666666667,0,0,0,0.03797063184635995,0
492,4.1,0,0,0,0.02458845181158032,0
493,4.108333333333333,0,0,0,0.0168235021850134,0
494,4.116666666666666,0,0,0,0.015323005104748986,0
495,4.125,0,0,0,0.009677121197254812,0
496,4.133333333333334,0,0,0,0.011413049693317346,0
497,4.141666666666667,0,0,0,0.018568894091829713,0
498,4.15,0,0,0,0.016435875569234384,0
499,4.158333333333333,0,0,0,0.018710479395309912,0
500,4.166666666666667,0,0,0,0.02253282951037122,0
501,4.175,0,0,0,0.02194465628461658,0
502,4.183333333333334,0,0,0,0.03596471701722718,0
503,4.191666666666666,0,0,0,0.01689341988355973,0
504,4.2,0,0,0,0.008411636814048511,0
505,4.208333333333333,0,0,0,0.006348062654740038,0
506,4.216666666666667,0,0,0,0.003131365206846698,0
507,4.225,0,0,0,0.008509877765421526,0
508,4.233333333333333,0,0,0,0.021988713273625657,0
509,4.241666666666666,0,0,0,0.008276524553441583,0
510,4.25,0,0,0,0.033914529817748174,0
511,4.258333333333334,0,0,0,0.05705091045755678,0
512,4.266666666666667,0,0,0,0.019579239794425593,0
513,4.275,0,0,0,0.018533946739097994,0
514,4.283333333333333,0,0,0,0.0038575162969090877,0
515,4.291666666666667,0,0,0,0.005443901692781343,0
516,4.3,0,0,0,0.00790970532298555,0
517,4.308333333333334,0,0,0,0.017467716944563845,0
518,4.316666666666666,0,0,0,0.025589524015330455,0
519,4.325,0,0,0,0.021998646429033066,0
520,4.333333333333333,0,0,0,0.01600703912994491,0
521,4.341666666666667,0,0,0,0.024384066773054706,0
522,4.35,0,0,0,0.028499520266131836,0
523,4.358333333333333,0,0,0,0.05133197025804444,0
524,4.366666666666666,0,0,1,0.17408241874211752,1
525,4.375,0,0,0,0.04408648387551043,0
526,4.383333333333334,0,0,0,0.06299128486869773,0
527,4.391666666666667,0,0,0,0.09120690809887662,0
528,4.4,0,0,0,0.07142293316620292,0
529,4.408333333333333,0,0,0,0.08790969245687778,0
530,4.416666666666667,0,0,1,0.14372904731018027,1
531,4.425,0,0,1,0.2859702678056054,1
532,4.433333333333334,0,0,1,0.12568952643650724,1
533,4.441666666666666,0,0,1,0.3104787647626843,1
534,4.45,0,0,1,0.23629391617693044,1
535,4.458333333333333,0,0,1,0.31708145748748745,1
536,4.466666666666667,0,0,1,0.37973750818303714,1
537,4.475,0,0,1,0.36230703807741343,1
538,4.483333333333333,0,0,1,0.30703615078338226,1
539,4.491666666666666,0,0,1,0.38230053131749214,1
540,4.5,0,0,1,0.15140730242276376,1
541,4.508333333333334,0,0,1,0.13357680995486532,1
542,4.516666666666667,0,0,1,0.11914646939193538,1
543,4.525,0,0,0,0.059351360620909364,0
544,4.533333333333333,0,0,1,0.19262852886645446,1
545,4.541666666666667,0,0,1,0.2430591869666876,1
546,4.55,0,0,1,0.20806440681609506,1
547,4.558333333333334,0,0,0,0.07413262237681935,0
548,4.566666666666666,0,0,1,0.1492522756718922,1
549,4.575,0,0,1,0.13927754815023283,1
550,4.583333333333333,0,0,0,0.10647203228544243,0
551,4.591666666666667,0,0,1,0.17086335017618182,1
552,4.6,0,0,1,0.24473178778277896,1
553,4.608333333333333,0,0,1,0.12670138294072142,1
554,4.616666666666666,0,0,1,0.16514188195691537,1
555,4.625,0,0,1,0.26715591275360545,1
556,4.633333333333334,0,1,1,0.42223298237884255,1
557,4.641666666666667,0,1,1,0.5401040063861827,1
558,4.65,0,0,1,0.17318925596063223,1
559,4.658333333333333,0,0,1,0.27568696333469594,1
560,4.666666666666667,0,0,0,0.08091036573430693,0
561,4.675,0,0,1,0.11736405722991505,1
562,4.683333333333334,0,0,1,0.23894207036151618,1
563,4.691666666666666,0,0,1,0.1131556528694669,1
564,4.7,0,0,1,0.3945405358029747,1
565,4.708333333333333,0,0,0,0.0818421984201473,0
566,4.716666666666667,0,0,0,0.05883869362426105,0
567,4.725,0,0,1,0.11565461355460961,1
568,4.733333333333333,0,0,0,0.08845201217602654,0
569,4.741666666666666,0,0,1,0.17534012275635738,1
570,4.75,0,0,1,0.14525968183662796,1
571,4.758333333333334,0,0,1,0.13874782538614436,1
572,4.766666666666667,0,0,1,0.1651580224917495,1
573,4.775,0,0,0,0.058097517861492934,0
574,4.783333333333333,0,0,0,0.08468005231141155,0
575,4.791666666666667,0,0,0,0.040092292519824144,0
576,4.8,0,0,0,0.054910972474086675,0
577,4.808333333333334,0,0,0,0.054989521486496336,0
578,4.816666666666666,0,0,0,0.04694203192184529,0
579,4.825,0,0,0,0.027668777850819386,0
580,4.833333333333333,0,0,0,0.07726668327881442,0
581,4.841666666666667,0,0,0,0.07211193379280949,0
582,4.85,0,0,0,0.046601181428247235,0
583,4.858333333333333,0,0,0,0.06678344189248998,0
584,4.866666666666666,0,0,0,0.023828757966198665,0
585,4.875,0,0,0,0.04644233423140919,0
586,4.883333333333334,0,0,0,0.03169300081540525,0
587,4.891666666666667,0,0,0,0.06385715134550612,0
588,4.9,0,0,1,0.14925327968315963,1
589,4.908333333333333,0,0,1,0.11869984862969737,1
590,4.916666666666667,0,0,0,0.04350953180916971,0
591,4.925,0,0,1,0.15736713771376803,1
592,4.933333333333334,0,0,0,0.08801421617354448,0
593,4.941666666666666,0,0,0,0.03014869162887032,0
594,4.95,0,0,0,0.02267687141034436,0
595,4.958333333333333,0,0,0,0.03698757484475802,0
596,4.966666666666667,0,0,0,0.015834981910048413,0
597,4.975,0,0,0,0.05865004275103214,0
598,4.983333333333333,0,0,0,0.015150298100331359,0
599,4.991666666666666,0,0,0,0.006921058390470638,0
600,5.0,0,0,0,0.011257260842928078,0
601,5.008333333333334,0,0,0,0.013697002958174966,0
602,5.016666666666667,0,0,0,0.016210992597279407,0
603,5.025,0,0,0,0.02320259167446657,0
604,5.033333333333333,0,0,0,0.015113299718363204,0
605,5.041666666666667,0,0,0,0.031058357883654165,0
606,5.05,0,0,0,0.022646391578167946,0
607,5.058333333333334,0,0,0,0.008195151348230689,0
608,5.066666666666666,0,0,0,0.014690678394806304,0
609,5.075,0,0,0,0.021502393233968863,0
610,5.083333333333333,0,0,0,0.039509146315382576,0
611,5.091666666666667,0,0,0,0.03283717623730852,0
612,5.1,0,0,0,0.036921346926018374,0
613,5.108333333333333,0,0,1,0.12299746097645463,1
614,5.116666666666666,0,0,0,0.05583005105297835,0
615,5.125,0,0,0,0.059231519310334546,0
616,5.133333333333334,0,0,0,0.029630506075070687,0
617,5.141666666666667,0,0,0,0.019662631885757488,0
618,5.15,0,0,0,0.0187654969523518,0
619,5.158333333333333,0,0,0,0.013091073554745465,0
620,5.166666666666667,0,0,0,0.01071035248018058,0
621,5.175,0,0,0,0.021881568798479172,0
622,5.183333333333334,0,0,0,0.039046450059289514,0
623,5.191666666666666,0,0,0,0.0737423674446097,0
624,5.2,0,0,0,0.033068311459036645,0
625,5.208333333333333,0,0,0,0.016826031420131823,0
626,5.216666666666667,0,0,0,0.028342345548910953,0
627,5.225,0,0,0,0.030784976278960277,0
628,5.233333333333333,0,0,0,0.04124019052981591,0
629,5.241666666666666,0,0,0,0.030113008357398816,0
630,5.25,0,0,0,0.02236147839002705,0
631,5.258333333333334,0,0,0,0.015102444088615613,0
632,5.266666666666667,0,0,0,0.0768895907683301,0
633,5.275,0,0,0,0.027237420685831428,0
634,5.283333333333333,0,0,0,0.021285188984014936,0
635,5.291666666666667,0,0,0,0.08683175496422606,0
636,5.3,0,0,0,0.04449212897117212,0
637,5.308333333333334,0,0,0,0.050899748914648935,0
638,5.316666666666666,0,0,0,0.05318248843337315,0
639,5.325,0,0,0,0.04180363640710791,0
640,5.333333333333333,0,0,0,0.08379456516433341,0
641,5.341666666666667,0,0,1,0.27003287931532777,1
642,5.35,0,0,1,0.1258328971440248,1
643,5.358333333333333,0,0,1,0.14792316136072373,1
644,5.366666666666666,0,0,0,0.06629100227773767,0
645,5.375,0,0,1,0.1500761014296325,1
646,5.383333333333334,0,0,0,0.03447232238756335,0
647,5.391666666666667,0,0,0,0.015669113629305557,0
648,5.4,0,0,0,0.021477162709862486,0
649,5.408333333333333,0,0,0,0.039423824663167906,0
650,5.416666666666667,0,0,0,0.016400406824246743,0
651,5.425,0,0,0,0.026879191814520753,0
652,5.433333333333334,0,0,0,0.022874181780498375,0
653,5.441666666666666,0,0,0,0.054537390810980385,0
654,5.45,0,0,0,0.05334240344545977,0
655,5.458333333333333,0,0,0,0.015353540929425412,0
656,5.466666666666667,0,0,0,0.03992387297238626,0
657,5.475,0,0,0,0.07748740533662425,0
658,5.483333333333333,0,0,0,0.09010720538089481,0
659,5.491666666666666,0,0,0,0.05781046814638499,0
660,5.5,0,0,0,0.09977403008059749,0
661,5.508333333333334,0,0,0,0.05622618703408551,0
662,5.516666666666667,0,0,0,0.008724824779005234,0
663,5.525,0,0,0,0.025158213602162215,0
664,5.533333333333333,0,0,0,0.03195812756046814,0
665,5.541666666666667,0,0,1,0.13417490163718743,1
666,5.55,0,0,1,0.14248786236101074,1
667,5.558333333333334,0,0,0,0.05702574362415455,0
668,5.566666666666666,0,0,0,0.046617178313095003,0
669,5.575,0,0,1,0.12510585367555954,1
670,5.583333333333333,0,0,0,0.09245240627170778,0
671,5.591666666666667,1,0,1,0.13633751742737898,1
672,5.6,1,0,1,0.1079131358373343,1
673,5.608333333333333,1,0,1,0.1176294085928275,1
674,5.616666666666666,1,0,1,0.16145911005413505,1
675,5.625,1,0,0,0.04081234041814795,0
676,5.633333333333334,1,0,0,0.07181572813909062,0
677,5.641666666666667,1,0,1,0.20081652224775298,1
678,5.65,1,0,0,0.03295145176855745,0
679,5.658333333333333,0,0,0,0.043387696065635056,0
680,5.666666666666667,0,0,1,0.11997094477682552,1
681,5.675,0,0,1,0.1722087188720314,1
682,5.683333333333334,0,0,1,0.11017223084637535,1
683,5.691666666666666,0,0,1,0.2582197713524956,1
684,5.7,0,0,1,0.2595906331116844,1
685,5.708333333333333,0,0,1,0.21063388628253144,1
686,5.716666666666667,0,1,1,0.41522106224991345,1
687,5.725,0,1,1,0.3864667741470585,1
688,5.733333333333333,0,1,1,0.45722488113222737,1
689,5.741666666666666,0,0,1,0.3162648937785741,1
690,5.75,0,1,1,0.5002013337475184,1
691,5.758333333333334,0,1,1,0.27833381390983164,1
692,5.766666666666667,0,1,1,0.42768243705739634,1
693,5.775,0,0,1,0.23363958145948396,1
694,5.783333333333333,0,1,1,0.3027978747020764,1
695,5.791666666666667,0,0,1,0.23202235568287036,1
696,5.8,0,0,1,0.27702891077604597,1
697,5.808333333333334,0,1,1,0.6902602835941604,1
698,5.816666666666666,0,1,1,0.3282496281887297,1
699,5.825,0,0,1,0.2668799395759361,1
700,5.833333333333333,0,0,1,0.2411002573692227,1
701,5.841666666666667,0,0,0,0.08377361901800545,0
702,5.85,0,0,0,0.06971978956490306,0
703,5.858333333333333,0,0,0,0.09442625767050428,0
704,5.866666666666666,0,0,0,0.074422564325479,0
705,5.875,0,0,0,0.09636564054371102,0
706,5.883333333333334,0,0,1,0.12473111144774861,1
707,5.891666666666667,0,0,1,0.23875593522951546,1
708,5.9,0,1,1,0.30385873893082954,1
709,5.908333333333333,0,0,1,0.21710644301678667,1
710,5.916666666666667,0,0,1,0.23935965289052985,1
711,5.925,0,0,1,0.2574839088727151,1
712,5.933333333333334,0,1,1,0.3816207602094941,1
713,5.941666666666666,0,1,1,0.36139200691760565,1
714,5.95,0,1,1,0.43467054018912105,1
715,5.958333333333333,0,1,1,0.5139857611272886,1
716,5.966666666666667,0,1,1,0.5338809212034974,1
717,5.975,0,1,1,0.3923636327567455,1
718,5.983333333333333,0,0,1,0.3124084166746479,1
719,5.991666666666666,0,0,1,0.28602849152048093,1
720,6.0,0,0,1,0.18147041957711085,1
721,6.008333333333334,0,0,0,0.08079152943122678,0
722,6.016666666666667,0,0,0,0.08382470068388989,0
723,6.025,0,0,1,0.10829252597074408,1
724,6.033333333333333,0,0,0,0.06207199275933038,0
725,6.041666666666667,0,0,0,0.1024355009233997,0
726,6.05,0,0,1,0.17042114738216368,1
727,6.058333333333334,0,0,1,0.113322082415934,1
728,6.066666666666666,0,1,1,0.5535347925804734,1
729,6.075,0,0,1,0.3043874686351583,1
730,6.083333333333333,0,0,0,0.06728259937745994,0
731,6.091666666666667,0,0,0,0.023596672983166582,0
732,6.1,0,0,0,0.0402042888644368,0
733,6.108333333333333,0,0,0,0.03293793805653105,0
734,6.116666666666666,0,0,0,0.06527292868889241,0
735,6.125,0,0,1,0.166556814036528,1
736,6.133333333333334,0,0,0,0.08267920803986364,0
737,6.141666666666667,0,0,0,0.049242905359350796,0
738,6.15,0,1,1,0.44362490251593056,1
739,6.158333333333333,0,1,1,0.394366229399288,1
740,6.166666666666667,0,0,1,0.38763900280970004,1
741,6.175,0,1,1,0.4914090717553816,1
742,6.183333333333334,0,1,1,0.6872173821443586,1
743,6.191666666666666,0,1,1,0.8312911059335305,1
744,6.2,0,1,1,0.8727825343275131,1
745,6.208333333333333,0,1,1,0.9527218061309711,1
