Timestamp,Signal quality
1737363746,Good
1737363756,Good
1737363766,Bad
1737363776,Good
1737363781,Bad
1737363786,Good
1737363791,Bad
1737363796,Good
1737363801,Good
1737363816,Bad
1737363821,Good
1737363826,Good
1737363836,Bad
1737363846,Good
1737363851,Bad
1737363861,Good
1737363881,Good
1737363886,Good
1737363891,Bad
1737363896,Good
1737363916,Good
1737363936,Bad
1737363941,Good
1737363946,Bad
1737363951,Good
1737363956,Good
1737363961,Good
1737363976,Bad
1737363986,Good
1737363991,Good
1737364026,Good
1737364031,Good
1737364041,Good
1737364046,Good
1737364056,Good
1737364066,Good
1737364081,Good
1737364091,Bad
1737364096,Good
1737364101,Good
1737364131,Good
1737364141,Good
1737364146,Bad
1737364161,Good
1737364221,Good
1737364226,Good
1737364241,Good
1737364246,Good
1737364256,Good
1737364261,Good
1737364286,Good
1737364296,Good
1737364306,Good
1737364311,Good
1737364316,Good
1737364321,Good
1737364326,Good
1737364336,Good
1737364341,Good
1737364346,Good
1737364351,Good
1737364366,Good
1737364371,Good
1737364381,Good
1737364391,Good
1737364401,Good
1737364406,Good
1737364411,Bad
1737364416,Good
1737364421,Good
1737364426,Good
1737364446,Good
1737364451,Good
1737364461,Good
1737364471,Good
1737364526,Good
1737364531,Good
1737364536,Good
1737364541,Good
1737364556,Good
1737364561,Good
1737364566,Good
1737364576,Good
1737364581,Good
1737364616,Good
1737364621,Good
1737364651,Bad
1737364671,Good
1737364681,Good
1737364706,Good
1737364716,Good
1737364771,Good
1737364776,Good
1737364781,Good
1737364791,Good
1737364796,Good
1737364801,Good
1737364806,Good
1737364816,Good
1737364821,Good
1737364836,Good
1737364841,Bad
1737364846,Good
1737364856,Good
1737364901,Good
1737364906,Good
1737364911,Good
1737364916,Good
1737364971,Good
1737364976,Good
1737364996,Good
1737365001,Good
1737365011,Good
1737365016,Good
1737365021,Good
1737365026,Good
1737365036,Good
1737365051,Good
1737365056,Good
1737365071,Good
1737365076,Good
1737365081,Good
1737365101,Good
1737365121,Good
1737365131,Good
1737365161,Good
1737365171,Good
1737365176,Good
1737365181,Good
1737365186,Good
1737365191,Good
1737365211,Good
1737365216,Good
1737365221,Good
1737365226,Good
1737365231,Good
1737365236,Good
1737365251,Good
1737365271,Good
1737365276,Good
1737365291,Good
1737365306,Good
1737365311,Good
1737365321,Good
1737365336,Good
1737365346,Good
1737365351,Good
1737365361,Good
1737365376,Good
1737365381,Good
1737365386,Good
1737365391,Good
1737365406,Good
1737365416,Good
1737365421,Good
1737365426,Good
1737365431,Good
1737365446,Good
1737365451,Good
1737365461,Good
1737365466,Good
1737365481,Good
1737365486,Good
1737365491,Good
1737365496,Good
1737365501,Good
1737365506,Good
1737365511,Good
1737365516,Good
1737365521,Good
1737365526,Good
1737365531,Good
1737365536,Good
1737365541,Good
1737365551,Good
1737365556,Good
1737365566,Good
1737365571,Good
1737365576,Bad
1737365581,Good
1737365586,Good
1737365591,Good
1737365596,Good
1737365601,Good
1737365611,Good
1737365616,Good
1737365626,Good
1737365631,Good
1737365641,Good
1737365646,Good
1737365651,Good
1737365656,Good
1737365671,Good
1737365681,Good
1737365691,Good
1737365696,Good
1737365701,Good
1737365711,Good
1737365716,Good
1737365721,Good
1737365726,Good
1737365731,Good
1737365736,Good
1737365746,Good
1737365751,Good
1737365761,Bad
1737365766,Good
1737365771,Good
1737365776,Good
1737365781,Good
1737365796,Good
1737365811,Good
1737365831,Good
1737365836,Good
1737365841,Good
1737365846,Good
1737365851,Good
1737365861,Bad
1737365866,Good
1737365871,Good
1737365876,Good
1737365886,Good
1737365891,Good
1737365896,Good
1737365901,Good
1737365906,Good
1737365911,Good
1737365916,Good
1737365921,Good
1737365926,Good
1737365931,Good
1737365936,Good
1737365941,Good
1737365946,Good
1737365951,Good
1737365956,Good
1737365961,Good
1737365971,Good
1737365976,Good
1737365991,Good
1737365996,Good
1737366016,Good
1737366021,Good
1737366031,Good
1737366041,Good
1737366056,Good
1737366061,Good
1737366066,Good
1737366071,Good
1737366081,Bad
1737366086,Good
1737366091,Good
1737366096,Good
1737366101,Good
1737366106,Good
1737366111,Good
1737366116,Good
1737366121,Good
1737366126,Good
1737366131,Good
1737366136,Good
1737366141,Good
1737366146,Good
1737366156,Good
1737366176,Good
1737366186,Good
1737366196,Good
1737366206,Good
1737366211,Good
1737366226,Good
1737366231,Good
1737366236,Good
1737366241,Good
1737366246,Good
1737366251,Good
1737366256,Good
1737366271,Bad
1737366276,Good
1737366286,Good
1737366291,Good
1737366306,Good
1737366311,Good
1737366356,Good
1737366361,Good
1737366376,Good
1737366391,Good
1737366396,Good
1737366401,Good
1737366421,Good
1737366436,Good
1737366456,Good
1737366461,Good
1737366466,Good
1737366476,Good
1737366486,Good
1737366491,Good
1737366496,Good
1737366511,Good
1737366526,Good
1737366531,Good
1737366536,Good
1737366541,Good
1737366571,Good
1737366576,Good
1737366581,Good
1737366586,Good
1737366591,Good
1737366606,Good
1737366616,Good
1737366621,Bad
1737366626,Good
1737366631,Good
1737366636,Good
1737366666,Good
1737366671,Good
1737366676,Good
1737366681,Good
1737366696,Good
1737366701,Good
1737366721,Good
1737366726,Good
1737366731,Good
1737366736,Good
1737366741,Good
1737366746,Good
1737366751,Good
1737366756,Good
1737366766,Good
1737366771,Good
1737366781,Good
1737366791,Good
1737366796,Good
1737366811,Good
1737366816,Good
1737366821,Good
1737366826,Good
1737366831,Good
1737366846,Good
1737366861,Good
1737366866,Good
1737366871,Good
1737366881,Good
1737366906,Good
1737366911,Good
1737366916,Good
1737366921,Good
1737366926,Good
1737366931,Good
1737366936,Good
1737366941,Good
1737366976,Good
1737366981,Good
1737366991,Good
1737366996,Good
1737367001,Good
1737367006,Good
1737367011,Good
1737367031,Good
1737367036,Good
1737367056,Good
1737367061,Good
1737367071,Good
1737367076,Good
1737367081,Good
1737367086,Good
1737367111,Good
1737367116,Good
1737367176,Good
1737367181,Good
1737367186,Good
1737367191,Good
1737367196,Good
1737367201,Good
1737367211,Good
1737367221,Good
1737367226,Good
1737367231,Good
1737367236,Good
1737367246,Good
1737367251,Good
1737367261,Good
1737367266,Good
1737367271,Good
1737367276,Good
1737367281,Good
1737367286,Good
1737367401,Good
1737367406,Good
1737367416,Good
1737367421,Good
1737367446,Good
1737367451,Good
1737367496,Good
1737367501,Good
1737367516,Good
1737367521,Good
1737367526,Good
1737367581,Good
1737367586,Good
1737367601,Good
1737367606,Good
1737367611,Good
1737367621,Good
1737367636,Good
1737367641,Good
1737367646,Good
1737367651,Good
1737367701,Good
1737367706,Good
1737367716,Good
1737367721,Good
1737367731,Good
1737367736,Good
1737367741,Good
1737367746,Good
1737367751,Good
1737367756,Good
1737367776,Good
1737367786,Good
1737367801,Good
1737367806,Good
1737367811,Good
1737367816,Good
1737367831,Good
1737367856,Good
1737367861,Good
1737367866,Good
1737367881,Good
1737367886,Good
1737367911,Good
1737367916,Good
1737367921,Good
1737367926,Good
1737367931,Good
1737367941,Good
1737367946,Good
1737367951,Good
1737367956,Good
1737367961,Good
1737367971,Good
1737367976,Good
1737368006,Good
1737368021,Good
1737368031,Good
1737368036,Good
1737368061,Good
1737368066,Good
1737368076,Good
1737368096,Good
1737368111,Good
1737368116,Good
1737368131,Good
1737368136,Good
1737368141,Good
1737368161,Good
1737368171,Good
1737368176,Good
1737368181,Good
1737368196,Good
1737368211,Good
1737368221,Good
1737368226,Good
1737368241,Good
1737368246,Good
1737368266,Good
1737368271,Good
1737368276,Good
1737368301,Good
1737368316,Good
1737368321,Good
1737368326,Good
1737368346,Good
1737368351,Good
1737368356,Good
1737368361,Good
1737368371,Good
1737368386,Good
1737368391,Good
1737368396,Good
1737368406,Good
1737368411,Good
1737368416,Good
1737368421,Good
1737368426,Good
1737368446,Good
1737368451,Good
1737368456,Good
1737368491,Good
1737368496,Good
1737368501,Good
1737368506,Good
1737368511,Good
1737368541,Good
1737368546,Good
1737368551,Good
1737368566,Good
1737368576,Good
1737368586,Good
1737368591,Good
1737368606,Good
1737368616,Good
1737368636,Good
1737368641,Good
1737368646,Good
1737368651,Good
1737368661,Good
1737368666,Good
1737368671,Good
1737368676,Good
1737368681,Good
1737368701,Good
1737368711,Good
1737368716,Good
1737368726,Good
1737368731,Good
1737368751,Good
1737368761,Good
1737368791,Good
1737368801,Good
1737368836,Good
1737368856,Good
1737368876,Good
1737368881,Good
1737368886,Good
1737368891,Good
1737368906,Good
1737368916,Good
1737368926,Good
1737368931,Good
1737368941,Good
1737368946,Good
1737368961,Good
1737368976,Good
1737369021,Good
1737369026,Good
1737369036,Good
1737369041,Good
1737369061,Good
1737369066,Good
1737369071,Good
1737369076,Good
1737369126,Good
1737369131,Good
1737369141,Good
1737369171,Good
1737369186,Good
1737369191,Good
1737369196,Good
1737369201,Good
1737369206,Good
1737369221,Good
1737369226,Good
1737369231,Good
1737369241,Good
1737369246,Good
1737369251,Good
1737369296,Good
1737369301,Good
1737369306,Good
1737369311,Good
1737369331,Good
1737369336,Good
1737369366,Bad
1737369376,Good
1737369386,Bad
1737369391,Good
1737369401,Good
1737369411,Good
1737369416,Good
1737369441,Good
1737369446,Good
1737369466,Good
1737369471,Good
1737369476,Good
1737369481,Good
1737369486,Good
1737369491,Good
1737369501,Good
1737369506,Good
1737369516,Good
1737369521,Good
1737369526,Good
1737369531,Good
1737369536,Good
1737369541,Good
1737369546,Good
1737369551,Good
1737369556,Good
1737369561,Good
1737369566,Good
1737369571,Good
1737369581,Good
1737369586,Bad
1737369596,Good
1737369601,Good
1737369606,Good
1737369671,Good
1737369676,Good
1737369696,Good
1737369701,Good
1737369706,Good
1737369726,Good
1737369731,Good
1737369736,Good
1737369746,Good
1737369751,Good
1737369791,Good
1737369796,Good
1737369806,Good
1737369811,Good
1737369816,Good
1737369821,Good
1737369846,Good
1737369851,Good
1737369856,Good
1737369861,Good
1737369891,Good
1737369896,Good
1737369916,Good
1737369926,Good
1737369936,Good
1737369941,Good
1737369961,Good
1737369966,Good
1737370001,Good
1737370011,Good
1737370021,Good
1737370026,Good
1737370031,Good
1737370046,Good
1737370056,Good
1737370071,Good
1737370086,Good
1737370091,Good
1737370106,Good
1737370136,Good
1737370141,Good
1737370151,Good
1737370156,Good
1737370176,Bad
1737370186,Good
1737370191,Good
1737370201,Good
1737370206,Good
1737370221,Good
1737370226,Good
1737370231,Good
1737370241,Good
1737370246,Good
1737370251,Good
1737370256,Good
1737370261,Good
1737370266,Good
1737370271,Good
1737370301,Bad
1737370306,Good
1737370311,Good
1737370316,Good
1737370321,Good
1737370341,Good
1737370346,Good
1737370361,Good
1737370371,Good
1737370381,Good
1737370386,Good
1737370391,Good
1737370401,Good
1737370411,Good
1737370416,Good
1737370421,Good
1737370431,Good
1737370436,Good
1737370441,Good
1737370446,Good
1737370451,Good
1737370456,Good
1737370461,Good
1737370481,Good
1737370496,Good
1737370501,Good
1737370511,Good
1737370516,Good
1737370531,Good
1737370536,Good
1737370541,Good
1737370551,Good
1737370556,Good
1737370561,Good
1737370566,Good
1737370571,Good
1737370576,Good
1737370586,Good
1737370591,Good
1737370596,Good
1737370601,Good
1737370606,Good
1737370611,Good
1737370621,Good
1737370626,Good
1737370631,Good
1737370636,Good
1737370641,Good
1737370651,Good
1737370661,Good
1737370676,Good
1737370681,Good
1737370686,Good
1737370696,Good
1737370706,Good
1737370721,Good
1737370731,Good
1737370741,Good
1737370751,Good
1737370761,Good
1737370771,Good
1737370776,Good
1737370781,Good
1737370786,Good
1737370791,Good
1737370796,Good
1737370801,Good
1737370816,Good
1737370831,Good
1737370836,Good
1737370841,Good
1737370846,Good
1737370851,Good
1737370856,Good
1737370876,Good
1737370881,Good
1737370891,Good
1737370896,Good
1737370901,Good
1737370906,Good
1737370916,Good
1737370921,Good
1737370926,Good
1737370936,Good
1737370941,Good
1737370946,Good
1737370971,Good
1737370976,Good
1737370981,Good
1737370986,Good
1737370991,Good
1737370996,Good
1737371001,Good
1737371011,Good
1737371021,Good
1737371026,Good
1737371036,Good
1737371046,Good
1737371051,Good
1737371056,Good
1737371061,Bad
1737371066,Good
1737371071,Good
1737371116,Good
1737371121,Good
1737371136,Good
1737371141,Good
1737371151,Good
1737371161,Good
1737371171,Good
1737371191,Good
1737371196,Good
1737371201,Good
1737371206,Good
1737371211,Good
1737371216,Good
1737371221,Good
1737371226,Good
1737371236,Good
1737371241,Good
1737371246,Bad
1737371251,Good
1737371261,Good
1737371266,Good
1737371286,Good
1737371291,Good
1737371296,Good
1737371306,Good
1737371326,Good
1737371331,Good
1737371336,Good
1737371341,Good
1737371346,Good
1737371366,Good
1737371386,Good
1737371391,Good
1737371396,Good
1737371401,Good
1737371406,Good
1737371416,Good
1737371421,Good
1737371426,Good
1737371471,Good
1737371491,Good
1737371506,Good
1737371511,Good
1737371516,Good
1737371521,Good
1737371531,Good
1737371541,Good
1737371551,Good
1737371556,Good
1737371561,Good
1737371566,Good
1737371571,Good
1737371576,Good
1737371581,Good
1737371586,Good
1737371596,Good
1737371601,Good
1737371611,Good
1737371616,Good
1737371621,Good
1737371641,Good
1737371651,Good
1737371661,Good
1737371676,Good
1737371681,Good
1737371701,Good
1737371706,Good
1737371711,Good
1737371721,Good
1737371726,Good
1737371731,Good
1737371736,Good
1737371741,Good
1737371746,Good
1737371751,Good
1737371761,Good
1737371771,Good
1737371776,Good
1737371781,Good
1737371786,Good
1737371791,Good
1737371796,Good
1737371806,Good
1737371811,Good
1737371831,Good
1737371841,Good
1737371861,Good
1737371871,Good
1737371876,Good
1737371881,Good
1737371896,Bad
1737371906,Good
1737371916,Bad
1737371921,Good
1737371946,Good
1737371951,Good
1737371961,Good
1737371966,Good
1737372006,Good
1737372016,Good
1737372021,Good
1737372036,Good
1737372051,Good
1737372056,Good
1737372061,Good
1737372071,Good
1737372086,Good
1737372091,Good
1737372096,Good
1737372101,Good
1737372116,Good
1737372121,Good
1737372136,Good
1737372141,Good
1737372151,Good
1737372156,Good
1737372161,Good
1737372166,Good
1737372171,Good
1737372186,Good
1737372191,Good
1737372196,Good
1737372206,Good
1737372221,Good
1737372231,Good
1737372236,Good
1737372241,Good
1737372246,Good
1737372256,Good
1737372261,Good
1737372266,Good
1737372271,Good
1737372276,Good
1737372281,Good
1737372286,Good
1737372291,Good
1737372301,Good
1737372306,Good
1737372311,Good
1737372316,Good
1737372321,Good
1737372326,Good
1737372331,Good
1737372336,Good
1737372341,Good
1737372351,Good
1737372361,Good
1737372366,Good
1737372371,Good
1737372376,Good
1737372381,Good
1737372396,Good
1737372406,Good
1737372411,Good
1737372416,Good
1737372421,Good
1737372436,Good
1737372441,Good
1737372456,Good
1737372466,Good
1737372476,Good
1737372486,Good
1737372491,Good
1737372496,Good
1737372506,Good
1737372516,Good
1737372531,Good
1737372536,Good
1737372541,Good
1737372551,Good
1737372556,Good
1737372561,Good
1737372571,Good
1737372576,Good
1737372581,Good
1737372586,Good
1737372591,Good
1737372596,Good
1737372601,Good
1737372636,Good
1737372641,Good
1737372646,Good
1737372651,Good
1737372661,Good
1737372666,Good
1737372681,Good
1737372686,Good
1737372691,Good
1737372706,Bad
1737372711,Good
1737372716,Good
1737372721,Good
1737372731,Good
1737372736,Good
1737372741,Good
1737372746,Good
1737372756,Good
1737372771,Good
1737372776,Good
1737372781,Good
1737372806,Good
1737372811,Good
1737372821,Good
1737372826,Good
1737372831,Good
1737372836,Good
1737372846,Good
1737372851,Good
1737372866,Good
1737372871,Good
1737372881,Good
1737372886,Good
1737372901,Good
1737372906,Good
1737372916,Good
1737372921,Good
1737372931,Good
1737372971,Good
1737372986,Good
1737373001,Good
1737373006,Good
1737373016,Good
1737373021,Good
1737373026,Good
1737373031,Good
1737373046,Good
1737373051,Good
1737373076,Good
1737373081,Good
1737373086,Good
1737373091,Good
1737373106,Good
1737373146,Good
1737373151,Good
1737373156,Good
1737373171,Good
1737373176,Good
1737373271,Good
1737373276,Good
1737373286,Good
1737373291,Good
1737373316,Good
1737373321,Good
1737373331,Good
1737373336,Good
1737373401,Good
1737373406,Good
1737373416,Good
1737373421,Good
1737373426,Good
1737373436,Good
1737373441,Good
1737373446,Good
1737373491,Good
1737373496,Good
1737373501,Good
1737373511,Good
1737373516,Good
1737373521,Good
1737373546,Bad
1737373556,Good
1737373576,Good
1737373581,Good
1737373596,Good
1737373606,Good
1737373616,Good
1737373626,Good
1737373631,Good
1737373636,Good
1737373641,Good
1737373666,Good
1737373681,Good
1737373686,Good
1737373691,Good
1737373711,Good
1737373716,Good
1737373721,Good
1737373726,Good
1737373736,Good
1737373741,Good
1737373746,Good
1737373751,Good
1737373756,Good
1737373761,Good
1737373771,Good
1737373781,Good
1737373796,Good
1737373801,Good
1737373816,Good
1737373821,Good
1737373841,Good
1737373846,Good
1737373851,Good
1737373861,Good
1737373881,Good
1737373886,Good
1737373896,Good
1737373901,Good
1737373906,Good
1737373916,Good
1737373921,Good
1737373941,Good
1737373951,Good
1737373956,Good
1737373961,Good
1737373966,Good
1737373976,Good
1737373981,Good
1737373986,Good
1737373991,Good
1737373996,Good
1737374001,Good
1737374051,Good
1737374061,Good
1737374076,Good
1737374081,Good
1737374091,Good
1737374096,Good
1737374116,Good
1737374121,Good
1737374131,Good
1737374136,Good
1737374186,Good
1737374191,Good
1737374226,Good
1737374231,Good
1737374251,Good
1737374256,Good
1737374286,Good
1737374291,Good
1737374306,Good
1737374311,Good
1737374331,Good
1737374341,Good
1737374366,Good
1737374371,Good
1737374381,Good
1737374386,Good
1737374421,Good
1737374426,Good
1737374436,Good
1737374441,Good
1737374446,Good
1737374461,Good
1737374466,Good
1737374496,Good
1737374501,Good
1737374506,Good
1737374511,Good
1737374531,Good
1737374536,Good
1737374551,Good
1737374556,Good
1737374616,Good
1737374626,Good
1737374641,Good
1737374646,Good
1737374711,Good
1737374716,Good
1737374721,Good
1737374731,Good
1737374836,Good
1737374841,Good
1737374886,Good
1737374891,Good
1737374921,Good
1737374926,Good
1737374936,Good
1737374941,Good
1737374986,Good
1737374991,Good
1737374996,Good
1737375001,Good
1737375026,Good
1737375031,Good
1737375126,Good
1737375131,Good
1737375216,Good
1737375221,Good
1737375356,Good
1737375361,Good
1737375401,Good
1737375406,Good
1737375476,Good
1737375481,Good
1737375491,Good
1737375496,Good
1737375501,Good
1737375506,Good
1737375511,Good
1737375516,Good
1737375526,Good
1737375531,Good
1737375626,Good
1737375631,Good
1737375671,Good
1737375676,Good
1737375721,Good
1737375726,Good
1737375746,Good
1737375751,Good
1737375796,Good
1737375801,Good
1737375836,Good
1737375841,Good
1737375871,Good
1737375876,Good
1737375896,Good
1737375911,Good
1737375951,Good
1737375961,Good
1737375991,Good
1737375996,Good
1737376006,Good
1737376011,Good
1737376021,Good
1737376026,Good
1737376036,Good
1737376046,Good
1737376086,Good
1737376091,Good
1737376131,Good
1737376141,Good
1737376156,Good
1737376161,Good
1737376186,Good
1737376191,Good
1737376196,Good
1737376201,Good
1737376221,Good
1737376226,Good
1737376231,Good
1737376236,Good
1737376241,Good
1737376261,Good
1737376266,Good
1737376336,Good
1737376341,Good
1737376416,Good
1737376421,Good
1737376426,Good
1737376486,Good
1737376491,Good
1737376501,Good
1737376506,Good
1737376536,Bad
1737376541,Good
1737376546,Good
1737376551,Good
1737376556,Good
1737376561,Good
1737376566,Good
1737376571,Good
1737376576,Good
1737376581,Good
1737376591,Good
1737376601,Good
1737376611,Good
1737376616,Good
1737376621,Good
1737376626,Good
1737376631,Good
1737376636,Good
1737376646,Good
1737376661,Good
1737376666,Bad
1737376671,Good
1737376701,Good
1737376716,Good
1737376741,Good
1737376751,Good
1737376756,Good
1737376761,Good
1737376771,Good
1737376776,Good
1737376781,Good
1737376786,Good
1737376791,Good
1737376801,Good
1737376806,Good
1737376821,Good
1737376826,Good
1737376831,Good
1737376841,Good
1737376846,Good
1737376866,Good
1737376871,Bad
1737376876,Good
1737376881,Good
1737376891,Good
1737376906,Good
1737376911,Good
1737376931,Good
1737376946,Good
1737376966,Good
1737376971,Good
1737376981,Good
1737376996,Good
1737377001,Good
1737377011,Good
1737377016,Good
1737377026,Good
1737377036,Good
1737377046,Good
1737377051,Good
1737377056,Good
1737377061,Good
1737377071,Good
1737377076,Good
1737377081,Good
1737377091,Good
1737377096,Good
1737377101,Good
1737377106,Good
1737377111,Good
1737377116,Good
1737377121,Good
1737377126,Good
1737377136,Good
1737377141,Good
1737377156,Good
1737377161,Good
1737377166,Good
1737377171,Good
1737377186,Good
1737377191,Good
1737377216,Good
1737377221,Good
1737377256,Good
1737377266,Good
1737377271,Good
1737377291,Good
1737377301,Good
1737377306,Good
1737377311,Good
1737377316,Good
1737377326,Good
1737377336,Good
1737377341,Good
1737377346,Good
1737377366,Good
1737377371,Good
1737377401,Good
1737377406,Good
1737377411,Good
1737377416,Good
1737377421,Good
1737377436,Good
1737377456,Good
1737377461,Good
1737377466,Good
1737377471,Good
1737377501,Good
1737377506,Good
1737377511,Good
1737377536,Good
1737377541,Good
1737377581,Good
1737377601,Good
1737377606,Good
1737377631,Good
1737377646,Good
1737377661,Good
1737377666,Good
1737377671,Good
1737377676,Good
1737377681,Good
1737377686,Good
1737377691,Good
1737377721,Good
1737377731,Good
1737377736,Good
1737377741,Good
1737377746,Good
1737377751,Good
1737377776,Good
1737377786,Good
1737377791,Good
1737377796,Good
1737377801,Good
1737377806,Good
1737377811,Good
1737377826,Good
1737377851,Good
1737377856,Good
1737377861,Good
1737377866,Good
1737377871,Good
1737377876,Good
1737377891,Good
1737377901,Good
1737377906,Good
1737377916,Good
1737377921,Good
1737377926,Good
1737377931,Good
1737377936,Good
1737377946,Good
1737377951,Good
1737377961,Good
1737377966,Bad
1737377971,Good
1737377976,Good
1737377986,Good
1737378006,Good
1737378011,Good
1737378021,Good
1737378026,Good
1737378041,Good
1737378046,Good
1737378056,Good
1737378066,Good
1737378071,Good
1737378076,Good
1737378086,Good
1737378091,Good
1737378096,Good
1737378101,Good
1737378121,Good
1737378126,Good
1737378131,Good
1737378141,Good
1737378156,Good
1737378166,Good
1737378171,Good
1737378176,Good
1737378186,Good
1737378206,Good
1737378211,Good
1737378216,Good
1737378221,Good
1737378231,Good
1737378246,Good
1737378251,Good
1737378261,Good
1737378271,Good
1737378276,Good
1737378281,Good
1737378291,Good
1737378296,Good
1737378306,Good
1737378311,Good
1737378326,Good
1737378331,Good
1737378336,Good
1737378351,Good
1737378356,Good
1737378361,Good
1737378366,Good
1737378371,Good
1737378376,Good
1737378406,Good
1737378411,Good
1737378416,Good
1737378421,Good
1737378426,Good
1737378431,Good
1737378446,Good
1737378456,Good
1737378461,Good
1737378471,Good
1737378481,Good
1737378486,Good
1737378491,Good
1737378506,Good
1737378511,Good
1737378521,Good
1737378526,Good
1737378531,Good
1737378536,Good
1737378546,Good
1737378551,Good
1737378556,Good
1737378566,Good
1737378571,Good
1737378581,Good
1737378586,Good
1737378591,Good
1737378606,Good
1737378611,Good
1737378621,Good
1737378626,Good
1737378631,Good
1737378641,Good
1737378656,Good
1737378671,Good
1737378681,Good
1737378691,Good
1737378696,Good
1737378706,Good
1737378736,Good
1737378741,Good
1737378751,Good
1737378756,Good
1737378766,Good
1737378771,Good
1737378776,Good
1737378786,Good
1737378791,Good
1737378796,Good
1737378811,Good
1737378821,Good
1737378831,Good
1737378846,Good
1737378851,Good
1737378871,Good
1737378881,Good
1737378886,Good
1737378901,Good
1737378931,Good
1737378936,Good
1737378946,Good
1737378951,Good
1737378966,Good
1737378991,Good
1737379001,Good
1737379006,Good
1737379016,Good
1737379021,Good
1737379026,Good
1737379031,Good
1737379036,Good
1737379046,Good
1737379051,Good
1737379056,Good
1737379061,Good
1737379076,Good
1737379081,Good
1737379086,Good
1737379096,Good
1737379101,Good
1737379111,Good
1737379121,Good
1737379126,Good
1737379131,Good
1737379136,Good
1737379141,Good
1737379151,Good
1737379161,Good
1737379166,Good
1737379171,Good
1737379176,Good
1737379181,Good
1737379191,Good
1737379196,Good
1737379201,Good
1737379206,Good
1737379231,Good
1737379241,Good
1737379256,Good
1737379261,Good
1737379271,Good
1737379276,Good
1737379281,Good
1737379286,Good
1737379291,Good
1737379296,Good
1737379306,Good
1737379311,Good
1737379316,Good
1737379326,Good
1737379341,Good
1737379351,Good
1737379361,Good
1737379366,Good
1737379371,Good
1737379376,Good
1737379386,Good
1737379391,Good
1737379401,Good
1737379406,Good
1737379411,Good
1737379421,Good
1737379426,Good
1737379441,Good
1737379446,Good
1737379456,Good
1737379461,Good
1737379471,Good
1737379476,Good
1737379481,Good
1737379486,Good
1737379501,Good
1737379506,Good
1737379511,Good
1737379516,Good
1737379521,Good
1737379526,Good
1737379531,Good
1737379536,Good
1737379551,Good
1737379556,Good
1737379566,Good
1737379591,Good
1737379596,Good
1737379626,Good
1737379641,Good
1737379666,Good
1737379671,Good
1737379676,Good
1737379686,Good
1737379696,Good
1737379716,Good
1737379721,Good
1737379726,Good
1737379731,Good
1737379736,Good
1737379746,Good
1737379766,Good
1737379776,Good
1737379786,Good
1737379791,Good
1737379796,Good
1737379801,Good
1737379806,Good
1737379811,Good
1737379816,Good
1737379821,Good
1737379836,Good
1737379841,Good
1737379851,Good
1737379856,Good
1737379861,Good
1737379866,Good
1737379876,Good
1737379886,Good
1737379891,Good
1737379901,Good
1737379906,Good
1737379911,Good
1737379916,Good
1737379921,Good
1737379926,Good
1737379936,Good
1737379941,Good
1737379946,Good
1737379951,Good
1737379956,Good
1737379961,Good
1737379966,Good
1737379971,Good
1737379986,Good
1737379996,Good
1737380001,Good
1737380006,Good
1737380011,Good
1737380016,Good
1737380041,Good
1737380046,Good
1737380051,Good
1737380056,Good
1737380071,Good
1737380076,Good
1737380081,Good
1737380091,Good
1737380096,Good
1737380101,Good
1737380106,Good
1737380121,Good
1737380136,Good
1737380161,Good
1737380186,Good
1737380191,Good
1737380201,Good
1737380211,Good
1737380216,Good
1737380221,Good
1737380226,Good
1737380231,Good
1737380251,Good
1737380256,Good
1737380261,Good
1737380266,Good
1737380276,Good
1737380281,Good
1737380286,Good
1737380296,Good
1737380306,Good
1737380316,Good
1737380376,Good
1737380386,Good
1737380401,Good
1737380406,Good
1737380411,Good
1737380431,Good
1737380441,Good
1737380476,Good
1737380481,Good
1737380486,Good
1737380491,Good
1737380496,Good
1737380521,Good
1737380526,Good
1737380561,Good
1737380566,Good
1737380571,Good
1737380576,Good
1737380581,Good
1737380586,Good
1737380591,Good
1737380596,Good
1737380601,Good
1737380616,Good
1737380621,Good
1737380636,Good
1737380641,Good
1737380646,Good
1737380651,Good
1737380661,Good
1737380666,Good
1737380676,Good
1737380681,Good
1737380686,Good
1737380691,Good
1737380701,Good
1737380706,Good
1737380711,Good
1737380716,Good
1737380736,Good
1737380741,Good
1737380751,Good
1737380761,Good
1737380786,Good
1737380801,Good
1737380811,Good
1737380816,Good
1737380856,Good
1737380861,Good
1737380951,Good
1737380956,Good
1737380961,Good
1737380966,Good
1737380986,Good
1737380991,Good
1737381031,Good
1737381036,Good
1737381076,Good
1737381081,Good
1737381116,Good
1737381121,Good
1737381126,Good
1737381131,Good
1737381136,Good
1737381156,Good
1737381166,Good
1737381171,Good
1737381181,Good
1737381191,Good
1737381196,Good
1737381211,Good
1737381216,Good
1737381226,Good
1737381231,Good
1737381236,Good
1737381241,Good
1737381266,Good
1737381271,Good
1737381286,Good
1737381296,Good
1737381341,Good
1737381346,Good
1737381351,Good
1737381356,Good
1737381366,Good
1737381371,Good
1737381411,Good
1737381416,Good
1737381426,Good
1737381431,Good
1737381436,Good
1737381441,Good
1737381531,Good
1737381536,Good
1737381546,Good
1737381551,Good
1737381611,Good
1737381616,Good
1737381706,Good
1737381711,Good
1737381766,Good
1737381776,Good
1737381791,Good
1737381796,Good
1737381816,Good
1737381821,Good
1737381856,Good
1737381861,Good
1737381906,Good
1737381911,Good
1737381991,Good
1737382001,Good
1737382066,Good
1737382071,Good
1737382361,Good
1737382366,Good
1737382371,Good
1737382376,Good
1737382406,Good
1737382411,Good
1737382416,Good
1737382426,Good
1737382446,Good
1737382451,Good
1737382456,Good
1737382466,Good
1737382471,Good
1737382476,Good
1737382486,Good
1737382496,Good
1737382501,Good
1737382506,Good
1737382511,Good
1737382516,Good
1737382521,Good
1737382531,Good
1737382536,Good
1737382541,Good
1737382546,Good
1737382551,Good
1737382561,Good
1737382566,Good
1737382576,Good
1737382581,Good
1737382586,Good
1737382606,Good
1737382611,Good
1737382626,Good
1737382631,Good
1737382646,Good
1737382651,Good
1737382676,Good
1737382681,Good
1737382691,Good
1737382696,Good
1737382711,Good
1737382716,Good
1737382731,Good
1737382741,Good
1737382756,Good
1737382761,Good
1737382796,Good
1737382801,Good
1737382816,Good
1737382821,Good
1737382831,Good
1737382836,Good
1737382841,Good
1737382856,Good
1737382861,Good
1737382881,Good
1737382886,Good
1737382891,Good
1737382936,Good
1737382956,Good
1737382961,Good
1737382966,Good
1737382971,Good
1737382976,Good
1737382981,Good
1737382986,Good
1737382991,Good
1737383026,Good
1737383031,Good
1737383046,Good
1737383056,Good
1737383061,Good
1737383066,Good
1737383076,Good
1737383081,Good
1737383086,Good
1737383091,Good
1737383101,Good
1737383106,Good
1737383111,Good
1737383121,Good
1737383126,Good
1737383146,Good
1737383151,Good
1737383211,Good
1737383226,Bad
1737383231,Good
1737383256,Good
1737383261,Good
1737383271,Good
1737383276,Good
1737383296,Good
1737383301,Good
1737383306,Good
1737383311,Good
1737383321,Good
1737383326,Good
1737383331,Good
1737383336,Good
1737383391,Good
1737383401,Good
1737383406,Good
1737383411,Good
1737383421,Good
1737383426,Bad
1737383431,Good
1737383436,Good
1737383446,Good
1737383451,Good
1737383461,Good
1737383466,Good
1737383471,Good
1737383481,Good
1737383496,Good
1737383501,Good
1737383511,Good
1737383516,Good
1737383521,Good
1737383526,Good
1737383536,Good
1737383546,Good
1737383556,Good
1737383561,Good
1737383586,Good
1737383591,Good
1737383596,Good
1737383601,Good
1737383611,Good
1737383631,Good
1737383646,Good
1737383656,Good
1737383661,Good
1737383691,Good
1737383701,Good
1737383706,Good
1737383711,Good
1737383716,Good
1737383731,Good
1737383736,Good
1737383741,Good
1737383746,Good
1737383751,Good
1737383761,Good
1737383766,Good
1737383771,Good
1737383776,Good
1737383781,Good
1737383786,Good
1737383791,Good
1737383796,Good
1737383801,Good
1737383836,Good
1737383841,Good
1737383856,Good
1737383876,Good
1737383886,Good
1737383896,Good
1737383926,Good
1737383931,Good
1737383936,Good
1737383941,Good
1737383946,Good
1737383951,Good
1737383956,Good
1737383961,Good
1737383966,Good
1737383981,Good
1737383986,Good
1737384006,Good
1737384011,Good
1737384016,Good
1737384026,Good
1737384031,Good
1737384036,Good
1737384046,Good
1737384051,Good
1737384061,Good
1737384071,Good
1737384081,Good
1737384091,Good
1737384096,Good
1737384101,Good
1737384106,Good
1737384111,Good
1737384121,Good
1737384136,Good
1737384141,Good
1737384176,Good
1737384181,Good
1737384186,Good
1737384196,Good
1737384201,Good
1737384211,Good
1737384216,Good
1737384221,Good
1737384226,Good
1737384241,Good
1737384246,Good
1737384251,Good
1737384271,Good
1737384281,Good
1737384286,Good
1737384291,Good
1737384296,Good
1737384306,Good
1737384311,Good
1737384316,Good
1737384321,Good
1737384326,Good
1737384331,Good
1737384336,Good
1737384346,Good
1737384351,Good
1737384361,Good
1737384366,Good
1737384376,Good
1737384381,Good
1737384391,Good
1737384396,Good
1737384401,Good
1737384406,Good
1737384411,Good
1737384416,Good
1737384421,Good
1737384426,Good
1737384451,Good
1737384456,Good
1737384461,Good
1737384466,Good
1737384471,Good
1737384476,Good
1737384481,Good
1737384501,Good
1737384506,Good
1737384511,Good
1737384521,Good
1737384526,Good
1737384531,Good
1737384536,Good
1737384541,Bad
1737384546,Good
1737384551,Good
1737384556,Good
1737384566,Good
1737384571,Good
1737384581,Good
1737384586,Good
1737384591,Good
1737384601,Good
1737384606,Good
1737384611,Good
1737384616,Good
1737384621,Good
1737384626,Good
1737384636,Good
1737384641,Good
1737384651,Good
1737384661,Good
1737384666,Good
1737384671,Good
1737384676,Good
1737384696,Good
1737384711,Good
1737384716,Good
1737384721,Good
1737384726,Good
1737384731,Good
1737384741,Good
1737384746,Good
1737384751,Good
1737384756,Good
1737384766,Good
1737384781,Good
1737384791,Good
1737384796,Good
1737384801,Good
1737384806,Good
1737384816,Good
1737384821,Good
1737384826,Good
1737384831,Good
1737384836,Good
1737384841,Good
1737384846,Good
1737384851,Good
1737384856,Good
1737384866,Good
1737384876,Good
1737384881,Good
1737384891,Good
1737384901,Good
1737384911,Good
1737384916,Good
1737384926,Good
1737384936,Good
1737384946,Good
1737384951,Good
1737384956,Good
1737384961,Good
1737384966,Good
1737384976,Good
1737384981,Good
1737384991,Good
1737385001,Good
1737385011,Good
1737385021,Good
1737385036,Good
1737385041,Good
1737385046,Good
1737385051,Good
1737385056,Good
1737385061,Good
1737385066,Good
1737385071,Good
1737385076,Good
1737385086,Good
1737385091,Good
1737385096,Good
1737385106,Good
1737385111,Good
1737385116,Good
1737385121,Good
1737385126,Good
1737385131,Good
1737385141,Good
1737385171,Good
1737385176,Good
1737385181,Good
1737385186,Good
1737385266,Good
1737385271,Good
1737385276,Bad
1737385281,Good
1737385286,Good
1737385291,Good
1737385301,Good
1737385311,Good
1737385321,Good
1737385326,Good
1737385331,Good
1737385356,Good
1737385371,Good
1737385376,Good
1737385381,Good
1737385386,Good
1737385391,Good
1737385401,Good
1737385411,Good
1737385426,Good
1737385431,Good
1737385441,Good
1737385446,Bad
1737385451,Good
1737385461,Good
1737385466,Good
1737385476,Good
1737385481,Good
1737385486,Good
1737385496,Good
1737385516,Good
1737385531,Good
1737385536,Good
1737385541,Good
1737385551,Good
1737385556,Good
1737385571,Good
1737385576,Good
1737385581,Good
1737385586,Good
1737385596,Good
1737385601,Good
1737385616,Good
1737385621,Good
1737385626,Good
1737385651,Good
1737385656,Good
1737385666,Good
1737385671,Good
1737385681,Good
1737385686,Good
1737385691,Good
1737385696,Good
1737385716,Good
1737385726,Good
1737385731,Good
1737385741,Good
1737385746,Good
1737385756,Bad
1737385761,Good
1737385766,Bad
1737385771,Good
1737385776,Good
1737385786,Good
1737385791,Good
1737385801,Good
1737385806,Good
1737385811,Bad
1737385826,Good
1737385846,Good
1737385856,Good
1737385861,Bad
1737385866,Good
1737385876,Good
1737385881,Good
1737385891,Good
1737385896,Good
1737385901,Bad
1737385906,Good
1737385916,Good
1737385921,Good
1737385931,Good
1737385941,Good
1737385946,Good
1737385951,Good
1737385956,Bad
1737385961,Good
1737385966,Good
1737385986,Good
1737385991,Good
1737385996,Good
1737386001,Good
1737386006,Good
1737386011,Good
1737386026,Good
1737386031,Good
1737386036,Good
1737386041,Good
1737386046,Good
1737386051,Bad
1737386056,Good
1737386061,Good
1737386076,Good
1737386081,Good
1737386091,Good
1737386096,Good
1737386101,Good
1737386106,Good
1737386111,Good
1737386116,Good
1737386121,Good
1737386131,Good
1737386136,Good
1737386141,Good
1737386151,Good
1737386156,Good
1737386161,Good
1737386176,Bad
1737386181,Good
1737386186,Good
1737386211,Good
1737386221,Good
1737386226,Good
1737386231,Good
1737386241,Good
1737386246,Good
1737386251,Good
1737386261,Good
1737386266,Good
1737386271,Good
1737386286,Good
1737386306,Good
1737386316,Good
1737386326,Good
1737386331,Good
1737386341,Good
1737386346,Good
1737386351,Good
1737386356,Good
1737386361,Good
1737386366,Bad
1737386371,Good
1737386376,Good
1737386381,Good
1737386391,Good
1737386396,Good
1737386401,Good
1737386406,Good
1737386421,Good
1737386426,Good
1737386436,Good
1737386446,Good
1737386451,Good
1737386461,Good
1737386476,Good
1737386491,Good
1737386496,Good
1737386501,Bad
1737386506,Good
1737386511,Good
1737386521,Good
1737386526,Good
1737386536,Good
1737386566,Good
1737386571,Good
1737386576,Good
1737386581,Good
1737386586,Good
1737386596,Good
1737386606,Good
1737386616,Good
1737386621,Good
1737386626,Good
1737386631,Good
1737386636,Good
1737386641,Good
1737386646,Good
1737386651,Good
1737386656,Good
1737386681,Good
1737386686,Good
1737386691,Good
1737386696,Good
1737386701,Good
1737386706,Good
1737386711,Good
1737386721,Good
1737386736,Good
1737386741,Good
1737386751,Good
1737386756,Good
1737386761,Good
1737386766,Good
1737386771,Good
1737386776,Good
1737386786,Good
1737386791,Good
1737386796,Good
1737386801,Good
1737386806,Good
1737386816,Good
1737386821,Good
1737386826,Good
1737386831,Good
1737386841,Good
1737386846,Good
1737386851,Good
1737386856,Good
1737386866,Good
1737386871,Good
1737386876,Good
1737386881,Good
1737386886,Good
1737386891,Good
1737386896,Good
1737386906,Good
1737386911,Good
1737386916,Good
1737386931,Good
1737386941,Good
1737386946,Good
1737386956,Good
1737386961,Good
1737386971,Good
1737386976,Good
1737386991,Good
1737386996,Good
1737387006,Good
1737387011,Bad
1737387016,Good
1737387021,Good
1737387031,Good
1737387046,Good
1737387056,Good
1737387066,Good
1737387071,Good
1737387076,Good
1737387081,Good
1737387086,Good
1737387091,Good
1737387096,Good
1737387101,Good
1737387106,Good
1737387111,Good
1737387116,Good
1737387121,Good
1737387126,Good
1737387131,Good
1737387136,Good
1737387151,Good
1737387161,Good
1737387166,Good
1737387191,Good
1737387196,Good
1737387211,Good
1737387216,Good
1737387226,Good
1737387231,Good
1737387236,Good
1737387241,Good
1737387246,Bad
1737387251,Good
1737387256,Good
1737387266,Good
1737387271,Good
1737387276,Good
1737387281,Good
1737387296,Good
1737387306,Good
1737387316,Good
1737387326,Good
1737387331,Good
1737387336,Good
1737387341,Good
1737387356,Good
1737387361,Good
1737387366,Good
1737387371,Good
1737387376,Good
1737387381,Good
1737387386,Good
1737387396,Good
1737387401,Good
1737387406,Good
1737387411,Good
1737387431,Good
1737387436,Good
1737387441,Good
1737387446,Good
1737387451,Good
1737387456,Good
1737387461,Good
1737387466,Good
1737387471,Good
1737387476,Good
1737387486,Good
1737387491,Good
1737387496,Good
1737387501,Good
1737387506,Good
1737387521,Good
1737387526,Good
1737387531,Good
1737387536,Good
1737387541,Good
1737387546,Good
1737387551,Good
1737387556,Good
1737387561,Good
1737387566,Good
1737387571,Good
1737387581,Good
1737387586,Good
1737387591,Good
1737387596,Good
1737387601,Good
1737387606,Good
1737387611,Good
1737387621,Good
1737387631,Good
1737387636,Good
1737387641,Good
1737387646,Good
1737387651,Good
1737387661,Good
1737387666,Good
1737387671,Good
1737387676,Good
1737387681,Good
1737387686,Good
1737387696,Good
1737387701,Good
1737387711,Good
1737387721,Good
1737387726,Good
1737387741,Good
1737387751,Good
1737387756,Bad
1737387761,Good
1737387766,Good
1737387771,Good
1737387781,Good
1737387786,Good
1737387791,Good
1737387796,Good
1737387806,Good
1737387811,Good
1737387816,Good
1737387821,Good
1737387826,Good
1737387831,Good
1737387836,Good
1737387851,Good
1737387856,Good
1737387871,Good
1737387876,Good
1737387881,Good
1737387886,Good
1737387891,Good
1737387901,Good
1737387911,Good
1737387916,Good
1737387921,Good
1737387926,Good
1737387941,Good
1737387951,Good
1737387956,Good
1737387961,Good
1737387971,Good
1737387976,Good
1737387986,Good
1737387996,Good
1737388001,Good
1737388006,Good
1737388011,Good
1737388016,Good
1737388021,Good
1737388031,Good
1737388041,Good
1737388051,Good
1737388066,Good
1737388071,Good
1737388076,Good
1737388081,Good
1737388086,Good
1737388091,Good
1737388106,Good
1737388116,Good
1737388121,Good
1737388136,Good
1737388146,Good
1737388151,Good
1737388156,Good
1737388161,Good
1737388171,Good
1737388176,Good
1737388181,Good
1737388191,Good
1737388201,Good
1737388206,Good
1737388211,Good
1737388221,Good
1737388231,Good
1737388246,Good
1737388256,Good
1737388261,Good
1737388281,Good
1737388291,Good
1737388296,Good
1737388301,Good
1737388306,Good
1737388311,Good
1737388316,Good
1737388321,Good
1737388336,Good
1737388341,Good
1737388346,Good
1737388351,Good
1737388356,Good
1737388366,Good
1737388371,Good
1737388376,Good
1737388381,Good
1737388386,Good
1737388391,Good
1737388396,Good
1737388401,Good
1737388406,Good
1737388411,Good
1737388416,Good
1737388421,Good
1737388426,Good
1737388446,Good
1737388451,Good
1737388456,Good
1737388461,Good
1737388466,Good
1737388471,Good
1737388481,Good
1737388486,Good
1737388491,Good
1737388501,Good
1737388516,Good
1737388521,Good
1737388526,Good
1737388536,Good
1737388541,Good
1737388546,Good
1737388551,Good
1737388556,Good
1737388566,Good
1737388591,Good
1737388596,Good
1737388601,Good
1737388606,Good
1737388616,Bad
1737388621,Good
1737388626,Good
1737388631,Bad
1737388636,Good
1737388641,Good
1737388646,Good
1737388661,Good
1737388676,Good
1737388686,Good
1737388691,Good
1737388696,Good
1737388701,Good
1737388706,Good
1737388711,Good
1737388716,Good
1737388726,Good
1737388731,Good
1737388736,Good
1737388751,Good
1737388756,Good
1737388761,Good
1737388771,Good
1737388786,Good
1737388791,Good
1737388796,Good
1737388806,Good
1737388816,Good
1737388821,Good
1737388826,Good
1737388831,Good
1737388836,Good
1737388841,Good
1737388846,Good
1737388856,Good
1737388861,Good
1737388871,Good
1737388876,Good
1737388881,Good
1737388886,Good
1737388891,Good
1737388896,Good
1737388901,Good
1737388906,Good
1737388911,Good
1737388916,Good
1737388921,Good
1737388936,Good
1737388946,Good
1737388951,Good
1737388956,Good
1737388966,Good
1737388971,Good
1737388981,Good
1737388986,Good
1737388991,Good
1737389011,Good
1737389021,Good
1737389031,Good
1737389036,Good
1737389041,Good
1737389056,Good
1737389061,Good
1737389066,Good
1737389071,Good
1737389076,Good
1737389081,Good
1737389086,Good
1737389091,Good
1737389096,Good
1737389101,Good
1737389106,Good
1737389111,Bad
1737389116,Good
1737389121,Good
1737389126,Good
1737389141,Good
1737389161,Good
1737389171,Good
1737389176,Good
1737389181,Good
1737389186,Bad
1737389191,Good
1737389201,Good
1737389206,Good
1737389211,Good
1737389216,Good
1737389221,Good
1737389226,Good
1737389231,Good
1737389236,Good
1737389241,Good
1737389246,Good
1737389251,Good
1737389261,Good
1737389266,Good
1737389286,Good
1737389291,Good
1737389296,Good
1737389301,Good
1737389306,Good
1737389316,Good
1737389321,Good
1737389326,Good
1737389331,Good
1737389336,Good
1737389346,Good
1737389351,Good
1737389356,Good
1737389361,Good
1737389386,Good
1737389391,Good
1737389396,Good
1737389406,Good
1737389411,Good
1737389416,Good
1737389431,Good
1737389441,Good
1737389451,Good
1737389461,Good
1737389466,Good
1737389481,Good
1737389486,Good
1737389501,Good
1737389506,Good
1737389516,Good
1737389521,Good
1737389526,Good
1737389531,Good
1737389536,Good
1737389541,Good
1737389546,Good
1737389551,Good
1737389561,Good
1737389586,Good
1737389591,Good
1737389601,Good
1737389611,Good
1737389631,Good
1737389641,Good
1737389646,Good
1737389656,Good
1737389661,Good
1737389666,Good
1737389676,Good
1737389681,Good
1737389691,Good
1737389696,Good
1737389701,Good
1737389706,Good
1737389711,Bad
1737389716,Good
1737389721,Good
1737389726,Good
1737389731,Good
1737389736,Bad
1737389741,Good
1737389756,Good
1737389761,Good
1737389766,Good
1737389771,Good
1737389781,Good
1737389786,Good
1737389791,Good
1737389796,Good
1737389801,Good
1737389811,Good
1737389821,Good
1737389826,Good
1737389841,Good
1737389846,Good
1737389856,Good
1737389871,Good
1737389876,Good
1737389881,Good
1737389886,Good
1737389891,Good
1737389896,Good
1737389901,Good
1737389911,Good
1737389926,Good
1737389931,Good
1737389991,Good
1737389996,Good
1737390001,Good
1737390006,Good
1737390011,Good
1737390016,Good
1737390021,Good
1737390026,Good
1737390031,Good
1737390036,Good
1737390051,Good
1737390056,Good
1737390061,Good
1737390071,Good
1737390076,Good
1737390081,Good
1737390086,Good
1737390091,Good
1737390096,Good
1737390121,Good
1737390126,Good
1737390131,Good
1737390136,Good
1737390141,Good
1737390146,Good
1737390151,Good
1737390161,Good
1737390166,Good
1737390171,Good
1737390186,Good
1737390191,Good
1737390196,Good
1737390206,Good
1737390211,Good
1737390216,Good
1737390221,Good
1737390226,Good
1737390231,Good
1737390236,Good
1737390251,Good
1737390256,Good
1737390261,Good
1737390271,Good
1737390296,Good
1737390301,Good
1737390306,Good
1737390341,Good
1737390346,Good
1737390356,Bad
1737390361,Good
1737390371,Bad
1737390376,Good
1737390381,Good
1737390391,Good
1737390401,Good
1737390406,Good
1737390416,Good
1737390421,Good
1737390426,Good
1737390441,Good
1737390446,Good
1737390461,Good
1737390476,Good
1737390481,Good
1737390501,Good
1737390516,Good
1737390526,Good
1737390531,Good
1737390541,Good
1737390551,Good
1737390556,Good
1737390566,Good
1737390576,Good
1737390581,Bad
1737390591,Good
1737390596,Bad
